Sample	Position	Variant	Freq	Coverage	P-value
VN-174	2	C	0.9741	424	0
VN-174	36	A	0.0118	1189	1.09E-12
VN-174	1897	C	0.0467	466	1.28E-15
VN-174	1897	A	0.9533	471	0
VN-174	3288	C	0.0667	209	1.62E-15
VN-174	3288	A	0.9333	210	0
VN-174	4332	T	0.0426	325	1.42E-07
VN-174	4332	G	0.9514	329	0
VN-174	4339	C	0.2366	838	1.081e-316
VN-174	6094	G	0.9778	180	0
VN-174	6246	A	0.9656	291	0
VN-174	7646	A	0.9845	323	0
VN-174	7666	A	0.0125	877	1.06E-09
VN-174	8495	T	0.0320	530	2.24E-07
VN-174	8495	G	0.9680	532	0
VN-174	9644	T	0.0417	359	1.70E-15
VN-174	10389	G	0.9799	897	0
VN-174	11460	T	0.0396	599	5.28E-12
VN-174	11460	G	0.9604	606	0
VN-174	12990	T	0.0273	1050	1.39E-09
VN-174	12990	G	0.9689	1061	0
VN-174	13389	G	0.9827	694	0
VN-174	14786	A	0.0238	997	4.84E-09
VN-174	14786	C	0.9742	1007	0
VN-174	15215	G	0.9934	756	0
VN-731	2	C	0.9961	513	0
VN-731	36	A	0.0098	1330	1.62E-11
VN-731	1563	A	0.0227	610	6.41E-08
VN-731	1563	T	0.9515	618	0
VN-731	1897	C	0.0368	535	1.13E-10
VN-731	1897	A	0.9576	543	0
VN-731	2927	C	0.9732	485	0
VN-731	3291	C	0.0376	552	1.78E-11
VN-731	3291	A	0.9606	559	0
VN-731	4335	T	0.0400	760	8.18E-13
VN-731	4335	G	0.9587	775	0
VN-731	5283	A	0.0419	167	6.02E-08
VN-731	6097	G	0.9772	263	0
VN-731	6249	A	0.9582	526	0
VN-731	7650	A	0.9755	612	0
VN-731	7670	A	0.0350	1771	1.51E-67
VN-731	8499	G	0.9811	689	0
VN-731	10393	G	0.9834	965	0
VN-731	11464	T	0.0434	682	8.88E-12
VN-731	11464	G	0.9552	692	0
VN-731	11880	T	0.9968	633	0
VN-731	12306	A	0.0366	355	3.41E-14
VN-731	12994	T	0.0319	1081	6.33E-11
VN-731	12994	G	0.9626	1096	0
VN-731	14790	A	0.0238	873	4.72E-07
VN-731	14790	C	0.9740	884	0
VN-731	15220	G	0.9855	690	0
VN-811	2	C	0.9837	369	0
VN-811	1563	A	0.0206	528	9.50E-14
VN-811	1563	G	0.0375	528	9.50E-14
VN-811	1563	T	0.9400	533	0
VN-811	1897	C	0.0319	497	6.49E-08
VN-811	1897	A	0.9661	502	0
VN-811	2499	C	0.1240	248	5.66E-45
VN-811	2531	C	0.0916	262	2.92E-35
VN-811	2927	C	0.9711	588	0
VN-811	3288	C	0.0263	452	1.50E-07
VN-811	3288	A	0.9737	456	0
VN-811	4574	C	0.3503	324	5.85E-153
VN-811	4749	A	0.9746	433	0
VN-811	6094	T	0.0585	203	4.37E-08
VN-811	6094	G	0.9415	205	0
VN-811	6246	C	0.0557	283	4.94E-16
VN-811	6246	A	0.9443	287	0
VN-811	7647	A	0.9658	497	0
VN-811	7667	A	0.0428	1425	4.56E-73
VN-811	9601	G	0.9971	698	0
VN-811	9937	A	0.9789	521	0
VN-811	10390	G	0.9927	684	0
VN-811	11461	T	0.0479	574	1.42E-13
VN-811	11461	G	0.9486	584	0
VN-811	11659	A	0.0123	1297	7.08E-09
VN-811	12991	T	0.0319	895	1.55E-09
VN-811	12991	G	0.9637	910	0
VN-811	14787	A	0.0367	832	2.23E-11
VN-811	14787	C	0.9609	845	0
VN-811	15216	G	0.9872	546	0
VN-144	2	C	0.9760	458	0
VN-144	205	C	0.0497	960	6.22E-42
VN-144	233	G	0.0413	700	4.80E-22
VN-144	697	C	0.0297	336	2.00E-07
VN-144	1409	T	0.0366	354	9.25E-12
VN-144	1563	T	0.9784	556	0
VN-144	1897	A	0.9939	660	0
VN-144	2927	C	0.9766	599	0
VN-144	3288	A	0.9944	535	0
VN-144	3315	A	0.1263	196	6.38E-30
VN-144	4332	G	0.9987	756	0
VN-144	4417	G	0.0364	301	7.81E-10
VN-144	4749	A	0.9960	495	0
VN-144	5337	T	0.0846	130	5.10E-12
VN-144	6093	G	0.9854	617	0
VN-144	6246	A	0.9922	514	0
VN-144	7646	A	0.9863	438	0
VN-144	7908	A	0.9741	386	0
VN-144	8495	G	1.0000	546	0
VN-144	9899	C	0.2862	302	3.55E-129
VN-144	10389	G	0.9892	554	0
VN-144	11460	G	0.9865	520	0
VN-144	12990	G	0.9928	834	0
VN-144	14786	C	0.9976	837	0
VN-144	15215	G	0.9875	400	0
VN-365	2	C	0.9832	535	0
VN-365	1031	T	0.0802	237	4.20E-24
VN-365	1465	A	0.1047	295	4.54E-45
VN-365	1694	A	0.0163	737	2.28E-08
VN-365	1897	C	0.0382	416	3.47E-14
VN-365	1897	A	0.9570	419	0
VN-365	2927	C	0.9674	215	0
VN-365	3288	A	0.9804	153	0
VN-365	4749	A	0.9770	217	0
VN-365	6093	G	0.9750	200	0
VN-365	6221	C	0.1818	22	9.72E-07
VN-365	6463	C	0.0504	139	1.45E-09
VN-365	7647	A	0.9843	319	0
VN-365	7667	A	0.0211	996	4.19E-18
VN-365	7698	G	0.0152	461	3.29E-07
VN-365	7909	C	0.0457	195	1.13E-10
VN-365	7909	A	0.9442	197	0
VN-365	8350	T	0.0438	160	4.74E-09
VN-365	8496	T	0.0443	471	9.67E-12
VN-365	8496	G	0.9557	474	0
VN-365	9562	G	0.0356	309	1.47E-13
VN-365	10390	G	0.9856	626	0
VN-365	10709	T	0.0763	131	1.04E-15
VN-365	10779	C	0.0492	122	4.31E-08
VN-365	11461	T	0.0600	561	5.92E-23
VN-365	11461	G	0.9400	567	0
VN-365	11788	G	0.0356	224	5.54E-08
VN-365	12991	G	0.9686	828	0
VN-365	13156	A	0.0186	916	1.08E-15
VN-365	13527	C	0.0646	415	8.38E-33
VN-365	13668	A	0.0866	584	4.26E-64
VN-365	13875	G	0.1050	628	4.99E-73
VN-365	13932	C	0.0960	661	1.35E-84
VN-365	13979	A	0.0139	646	6.15E-07
VN-365	13992	T	0.1166	641	2.19E-89
VN-365	14040	C	0.1159	600	5.81E-92
VN-365	14319	G	0.1135	493	3.16E-53
VN-365	14787	A	0.0347	792	1.63E-09
VN-365	14787	C	0.9628	806	0
VN-365	14832	G	0.1822	264	1.05E-67
VN-365	14949	A	0.2055	144	8.72E-47
VN-365	15217	G	0.9891	548	0
VN-342	2	C	0.9864	220	0
VN-342	1897	A	0.9694	196	0
VN-342	2927	C	0.9830	176	0
VN-342	4749	A	0.9614	207	0
VN-342	6093	G	0.9490	196	0
VN-342	6246	A	0.9930	143	0
VN-342	7646	A	0.9861	431	0
VN-342	7666	A	0.0249	1245	5.77E-32
VN-342	8495	G	0.9610	410	0
VN-342	8938	A	0.0230	433	4.95E-09
VN-342	9381	G	0.0091	1205	6.49E-07
VN-342	9600	G	0.9933	595	0
VN-342	9936	A	0.9736	454	0
VN-342	10389	G	0.9922	639	0
VN-342	11876	T	0.9978	453	0
VN-342	12990	G	0.9670	728	0
VN-342	13151	T	0.0312	668	2.53E-13
VN-342	13606	A	0.2381	1405	0
VN-342	13677	G	0.0308	610	1.27E-13
VN-342	13811	A	0.1628	554	1.29E-125
VN-342	13931	C	0.1309	592	7.18E-116
VN-342	14309	T	0.1572	450	1.20E-96
VN-342	14505	T	0.0194	516	1.25E-09
VN-342	14786	A	0.0347	769	3.07E-14
VN-342	14786	C	0.9627	778	0
VN-342	15031	T	0.0119	589	2.54E-07
VN-342	15215	G	0.9853	545	0
VN-200	2	C	0.9840	813	0
VN-200	970	C	0.0157	510	4.62E-08
VN-200	1315	C	0.0230	520	2.30E-11
VN-200	1465	A	0.0212	471	1.82E-08
VN-200	1472	A	0.0252	474	6.68E-11
VN-200	1563	A	0.0226	913	1.41E-31
VN-200	1563	G	0.0548	913	1.41E-31
VN-200	1563	T	0.9216	931	0
VN-200	1897	C	0.0246	889	3.51E-11
VN-200	1897	A	0.9720	894	0
VN-200	2927	C	0.9891	823	0
VN-200	3288	C	0.0372	715	1.07E-13
VN-200	3288	A	0.9614	726	0
VN-200	4332	T	0.0370	1072	7.68E-20
VN-200	4332	G	0.9621	1082	0
VN-200	4927	A	0.0288	312	1.43E-08
VN-200	6246	C	0.0414	573	1.84E-15
VN-200	6246	A	0.9569	580	0
VN-200	7646	A	0.9746	631	0
VN-200	7658	A	0.2821	1860	0
VN-200	7666	A	0.0180	1890	1.37E-26
VN-200	8495	G	0.9788	895	0
VN-200	10389	G	0.9868	1286	0
VN-200	11460	T	0.0471	1234	1.96E-23
VN-200	11460	G	0.9521	1253	0
VN-200	12990	T	0.0309	1912	2.26E-17
VN-200	12990	G	0.9650	1942	0
VN-200	14786	A	0.0335	1618	4.16E-18
VN-200	14786	C	0.9659	1642	0
VN-200	14994	A	0.0087	1384	3.22E-07
VN-200	15215	G	0.9833	1075	0
VN-817	2	C	0.9739	536	0
VN-817	168	C	0.0352	142	8.75E-07
VN-817	1003	C	0.0431	254	1.71E-11
VN-817	1563	G	0.0234	469	3.20E-08
VN-817	1563	T	0.9575	471	0
VN-817	1897	C	0.0307	483	1.31E-07
VN-817	1897	A	0.9693	488	0
VN-817	2927	C	0.9746	393	0
VN-817	3288	A	0.9795	439	0
VN-817	4332	T	0.0486	641	3.17E-11
VN-817	4332	G	0.9469	659	0
VN-817	4574	C	0.1398	648	6.03E-109
VN-817	4998	T	0.1493	189	1.12E-24
VN-817	6094	T	0.0287	555	7.14E-07
VN-817	6094	G	0.9695	558	0
VN-817	6246	C	0.0300	561	1.24E-09
VN-817	6246	A	0.9683	567	0
VN-817	7646	A	0.9906	851	0
VN-817	7666	A	0.0328	2501	4.04E-88
VN-817	7908	A	0.9709	412	0
VN-817	8495	G	0.9842	698	0
VN-817	9600	G	0.9934	909	0
VN-817	9936	A	0.9773	662	0
VN-817	10389	G	0.9883	938	0
VN-817	11460	T	0.0650	661	7.81E-24
VN-817	11460	G	0.9335	677	0
VN-817	12990	G	0.9781	957	0
VN-817	14786	A	0.0354	978	1.04E-16
VN-817	14786	C	0.9646	988	0
VN-817	15216	G	0.9928	694	0
VN-827	2	C	0.9906	319	0
VN-827	1563	G	0.0446	528	4.68E-10
VN-827	1563	T	0.9368	538	0
VN-827	1897	C	0.0275	434	4.96E-08
VN-827	1897	A	0.9703	437	0
VN-827	2927	C	0.9901	507	0
VN-827	3288	A	0.9725	509	0
VN-827	4749	A	0.9553	313	0
VN-827	6093	G	0.9398	349	0
VN-827	7646	A	0.9707	648	0
VN-827	7666	A	0.0237	1939	4.72E-37
VN-827	7908	C	0.0298	398	5.60E-08
VN-827	7908	G	0.0273	398	5.60E-08
VN-827	7908	A	0.9429	403	0
VN-827	8495	G	0.9818	606	0
VN-827	9102	T	0.0123	651	8.57E-07
VN-827	9600	G	0.9973	743	0
VN-827	9936	A	0.9802	504	0
VN-827	10389	G	0.9902	713	0
VN-827	11460	T	0.0395	474	4.90E-11
VN-827	11460	G	0.9584	481	0
VN-827	12990	T	0.0295	669	5.38E-07
VN-827	12990	G	0.9646	678	0
VN-827	13389	G	0.9808	469	0
VN-827	15215	G	0.9835	544	0
VN-156	2	C	0.9708	240	0
VN-156	360	C	0.0621	161	8.99E-14
VN-156	702	C	0.0547	128	4.17E-07
VN-156	744	C	0.0845	142	6.87E-16
VN-156	967	C	0.1091	161	1.62E-18
VN-156	1562	T	0.9799	349	0
VN-156	1896	A	1.0000	317	0
VN-156	3287	A	0.9905	210	0
VN-156	4331	G	0.9943	353	0
VN-156	4338	C	0.2922	974	0
VN-156	4347	C	0.4008	990	0
VN-156	6245	A	0.9934	301	0
VN-156	7646	A	0.9880	167	0
VN-156	7658	A	0.3033	610	0
VN-156	8495	G	0.9980	502	0
VN-156	10389	G	0.9706	545	0
VN-156	11460	G	0.9787	564	0
VN-156	12990	G	0.9950	794	0
VN-156	13389	G	0.9873	628	0
VN-156	14786	C	0.9971	681	0
VN-156	15216	G	0.9955	443	0
VN-338	2	C	0.9802	655	0
VN-338	16	G	0.0102	1468	1.22E-07
VN-338	1563	T	0.9545	374	0
VN-338	1693	A	0.0195	871	6.19E-13
VN-338	1897	C	0.0426	601	4.92E-16
VN-338	1897	A	0.9525	611	0
VN-338	3288	A	0.9577	213	0
VN-338	4332	G	0.9587	315	0
VN-338	4339	C	0.2300	735	1.08E-263
VN-338	6093	G	0.9422	502	0
VN-338	6246	A	0.9764	381	0
VN-338	7647	A	0.9864	664	0
VN-338	7667	A	0.0176	1991	1.02E-32
VN-338	7909	A	0.9588	388	0
VN-338	8496	T	0.0366	649	4.15E-09
VN-338	8496	G	0.9634	655	0
VN-338	9826	T	0.0199	403	7.95E-09
VN-338	10390	G	0.9889	995	0
VN-338	11461	T	0.0490	599	2.46E-12
VN-338	11461	G	0.9510	612	0
VN-338	12991	T	0.0278	1172	2.77E-07
VN-338	12991	G	0.9714	1187	0
VN-338	13558	C	0.0126	793	8.57E-07
VN-338	13764	C	0.0189	1055	3.54E-13
VN-338	13875	G	0.0274	1019	1.25E-19
VN-338	13932	C	0.0211	1038	1.99E-17
VN-338	13992	T	0.0179	1005	5.83E-13
VN-338	14034	A	0.0169	948	2.79E-13
VN-338	14148	T	0.0200	1048	2.61E-16
VN-338	14235	G	0.0179	1056	8.20E-12
VN-338	14304	C	0.0129	853	4.40E-07
VN-338	14526	C	0.0144	901	1.71E-08
VN-338	14787	A	0.0272	1237	2.43E-09
VN-338	14787	C	0.9728	1249	0
VN-338	14953	T	0.0363	248	2.19E-11
VN-338	15217	G	0.9859	925	0
VN-165	2	C	0.9794	340	0
VN-165	1563	A	0.0263	602	1.90E-07
VN-165	1563	G	0.0296	602	1.90E-07
VN-165	1563	T	0.9425	609	0
VN-165	1897	C	0.0480	516	2.33E-21
VN-165	1897	A	0.9520	521	0
VN-165	2927	C	0.9789	615	0
VN-165	3288	C	0.0384	543	8.57E-15
VN-165	3288	A	0.9561	547	0
VN-165	4749	C	0.0242	613	6.15E-09
VN-165	4749	A	0.9709	619	0
VN-165	6094	G	0.9891	184	0
VN-165	6246	C	0.0481	388	2.99E-13
VN-165	6246	A	0.9468	395	0
VN-165	7646	A	0.9714	315	0
VN-165	7666	A	0.0225	890	1.95E-20
VN-165	8495	G	0.9794	533	0
VN-165	10389	G	0.9852	741	0
VN-165	11460	G	0.9557	451	0
VN-165	12990	T	0.0407	775	1.52E-11
VN-165	12990	G	0.9581	787	0
VN-165	14786	A	0.0375	682	7.85E-10
VN-165	14786	C	0.9597	694	0
VN-165	15215	G	0.9901	403	0
VN-135	2	C	0.9862	290	0
VN-135	276	T	0.0727	110	8.39E-13
VN-135	435	A	0.2111	172	2.97E-44
VN-135	1475	A	0.2180	208	6.72E-67
VN-135	1563	T	0.9772	263	0
VN-135	1692	A	0.1798	443	2.85E-109
VN-135	1695	A	0.0875	474	8.08E-37
VN-135	1897	A	0.9911	336	0
VN-135	2927	C	0.9699	299	0
VN-135	3137	T	0.1250	498	3.94E-75
VN-135	3159	G	0.2024	241	4.79E-53
VN-135	3288	A	0.9957	234	0
VN-135	3315	A	0.1518	107	1.34E-14
VN-135	3393	T	0.0579	121	4.83E-10
VN-135	3522	T	0.0503	159	7.29E-09
VN-135	3607	T	0.0640	170	5.00E-10
VN-135	4332	G	1.0000	489	0
VN-135	4496	T	0.3889	253	2.96E-154
VN-135	4574	T	0.3584	324	1.20E-174
VN-135	6093	G	0.9845	258	0
VN-135	6246	A	0.9931	291	0
VN-135	7647	A	0.9875	240	0
VN-135	7667	A	0.0188	743	1.90E-09
VN-135	7909	A	0.9810	210	0
VN-135	9601	G	0.9947	188	0
VN-135	9937	A	0.9583	96	0
VN-135	11461	G	0.9874	477	0
VN-135	12991	G	0.9954	861	0
VN-135	14250	T	0.0381	653	7.62E-20
VN-135	14787	C	0.9948	776	0
VN-135	15217	G	0.9912	339	0
VN-740	2	C	0.9740	231	0
VN-740	1151	T	0.2727	126	2.34E-52
VN-740	1897	C	0.0470	233	1.03E-10
VN-740	1897	A	0.9530	234	0
VN-740	3288	A	1.0000	70	0
VN-740	4158	C	0.1515	32	2.47E-07
VN-740	4332	T	0.0709	485	4.08E-24
VN-740	4332	G	0.9292	494	0
VN-740	4579	C	0.1379	228	3.30E-40
VN-740	6246	A	0.9645	423	0
VN-740	7646	A	0.9794	291	0
VN-740	7658	A	0.2951	800	0
VN-740	7666	A	0.0148	813	1.45E-10
VN-740	8241	G	0.0390	154	4.56E-07
VN-740	9600	G	0.9977	435	0
VN-740	10389	G	0.9976	425	0
VN-740	11460	G	0.9464	485	0
VN-740	11988	G	0.0197	305	6.02E-07
VN-740	12701	G	0.0370	296	3.69E-10
VN-740	12990	G	0.9731	707	0
VN-740	13389	G	0.9808	522	0
VN-740	13931	C	0.0751	583	1.53E-55
VN-740	14786	A	0.0241	699	1.55E-07
VN-740	14786	C	0.9731	705	0
VN-740	15215	G	0.9947	567	0
VN-125	2	C	0.9780	273	0
VN-125	529	T	0.0393	227	1.05E-07
VN-125	1897	A	0.9926	271	0
VN-125	2927	C	0.9634	82	0
VN-125	3288	A	1.0000	49	0
VN-125	4332	G	0.9919	124	0
VN-125	4339	C	0.2639	280	6.36E-103
VN-125	4345	C	0.4000	279	5.63E-196
VN-125	4348	C	0.3112	285	2.23E-154
VN-125	4738	C	0.1485	101	6.63E-23
VN-125	5423	T	0.3333	28	3.99E-13
VN-125	5430	T	0.3714	34	8.31E-22
VN-125	5433	T	0.3333	34	2.92E-18
VN-125	6093	G	1.0000	113	0
VN-125	6246	A	1.0000	135	0
VN-125	7647	A	0.9880	166	0
VN-125	7667	A	0.0316	473	1.71E-14
VN-125	9601	G	0.9949	195	0
VN-125	9937	A	0.9489	137	0
VN-125	11461	G	0.9944	357	0
VN-125	12991	G	0.9932	592	0
VN-125	14662	C	0.0447	378	5.35E-15
VN-125	14787	C	1.0000	571	0
VN-125	15217	G	0.9846	324	0
VN-382	2	C	0.9801	251	0
VN-382	1897	C	0.0397	250	2.13E-11
VN-382	1897	A	0.9563	252	0
VN-382	2927	C	0.9845	322	0
VN-382	3288	A	0.9859	213	0
VN-382	4748	A	0.9615	338	0
VN-382	5279	A	0.0854	81	3.63E-08
VN-382	6092	G	0.9494	257	0
VN-382	6245	A	0.9700	267	0
VN-382	7646	A	0.9806	310	0
VN-382	7908	A	0.9674	184	0
VN-382	8495	G	0.9630	486	0
VN-382	9936	A	0.9777	584	0
VN-382	10389	G	0.9864	884	0
VN-382	11460	G	0.9691	486	0
VN-382	12593	C	0.0222	316	6.46E-08
VN-382	12990	T	0.0262	795	3.94E-07
VN-382	12990	G	0.9601	803	0
VN-382	13389	A	0.0172	578	2.83E-07
VN-382	13389	G	0.9810	580	0
VN-382	13953	G	0.0219	454	4.86E-07
VN-382	13991	T	0.0268	484	2.98E-10
VN-382	14234	G	0.0183	546	3.84E-09
VN-382	14786	C	0.9631	677	0
VN-382	14996	G	0.0181	609	1.76E-09
VN-382	15217	G	0.9972	355	0
VN-773	2	C	0.9879	248	0
VN-773	4	C	0.1514	802	4.77E-103
VN-773	1564	A	0.0361	443	4.43E-08
VN-773	1564	T	0.9594	443	0
VN-773	1898	A	0.9842	379	0
VN-773	2926	C	0.9755	449	0
VN-773	3261	A	0.9978	458	0
VN-773	4722	A	0.9897	292	0
VN-773	6197	C	0.1057	1198	2.94E-174
VN-773	6212	T	0.0647	1223	8.20E-32
VN-773	6216	A	0.9976	418	0
VN-773	7610	A	0.9894	568	0
VN-773	7630	G	0.0164	1832	1.13E-23
VN-773	7631	A	0.0119	1854	1.85E-11
VN-773	7879	T	0.9907	535	0
VN-773	8460	G	0.9985	683	0
VN-773	9565	G	0.9923	776	0
VN-773	9901	A	0.9728	698	0
VN-773	10354	G	0.9908	654	0
VN-773	11425	G	0.9917	719	0
VN-773	11661	A	0.0306	912	1.89E-12
VN-773	11841	T	0.9981	537	0
VN-773	12955	G	0.9910	890	0
VN-773	13354	G	0.9891	641	0
VN-773	13707	C	0.4823	446	0.00E+00
VN-773	13710	C	0.4220	424	1.97E-275
VN-773	13718	C	0.2684	360	4.05E-129
VN-773	13722	C	0.2819	388	1.19E-147
VN-773	13739	T	0.4409	609	0
VN-773	13740	T	0.4172	637	0
VN-773	14751	C	0.9989	925	0
VN-773	15189	G	0.9929	564	0
VN-808	217	A	0.0492	1016	1.39E-59
VN-808	316	C	0.0537	1315	6.83E-75
VN-808	596	A	0.0497	1340	1.21E-61
VN-808	929	A	0.0436	1182	3.96E-41
VN-808	975	T	0.0311	1121	7.84E-34
VN-808	1121	G	0.0496	1144	2.11E-58
VN-808	1599	T	0.0318	1217	9.73E-29
VN-808	2421	A	0.0125	2307	3.29E-08
VN-808	7394	A	0.0127	2590	1.01E-17
VN-808	8084	G	0.0517	2415	2.21E-133
VN-808	12070	G	0.0095	3786	8.24E-18
VN-808	14205	T	0.0051	6854	2.72E-08
VN-808	14214	A	0.0054	7036	6.72E-09
VN-808	14238	G	0.0495	7012	6.42E-307
VN-808	14403	T	0.0055	7139	7.70E-15
VN-808	14418	T	0.0053	7001	3.89E-07
VN-808	14586	G	0.0106	7825	4.25E-15
VN-390	194	T	0.0150	1864	5.84E-18
VN-390	317	A	0.0287	659	4.32E-13
VN-390	819	A	0.0188	690	1.04E-06
VN-390	859	A	0.0239	916	2.15E-07
VN-390	2553	T	0.1596	1555	3.58E-302
VN-390	14585	G	0.0129	3941	1.76E-10
VN-733	3007	A	0.0548	1730	4.67E-72
VN-733	4375	T	0.0219	4098	1.40E-55
VN-733	4408	G	0.0115	3632	8.50E-10
VN-733	5558	T	0.0181	2983	5.70E-26
VN-832	147	G	0.0046	8691	7.13E-07
VN-832	150	A	0.0040	9755	2.60E-07
VN-832	168	C	0.0047	13522	1.72E-10
VN-832	171	C	0.0038	13534	2.13E-08
VN-832	183	A	0.0753	13806	0
VN-832	209	C	0.0055	11976	3.81E-12
VN-832	475	C	0.0058	7064	4.40E-09
VN-832	617	T	0.0053	7767	5.58E-07
VN-832	817	T	0.0054	7277	6.97E-09
VN-832	824	G	0.0050	7731	9.88E-08
VN-832	917	C	0.0051	8291	3.76E-08
VN-832	1037	T	0.0043	7877	1.09E-06
VN-832	1283	A	0.0088	9214	8.01E-26
VN-832	1321	A	0.0045	8526	8.59E-09
VN-832	1326	C	0.0045	8485	6.20E-07
VN-832	1443	C	0.0059	7141	3.72E-07
VN-832	1691	C	0.0036	13738	1.26E-07
VN-832	2422	A	0.0109	5967	2.53E-15
VN-832	5884	G	0.0269	7008	4.47E-168
VN-832	6633	G	0.0820	7170	0
VN-832	13690	C	0.0068	16417	1.01E-26
VN-832	14588	G	0.0101	23617	2.63E-48
VN-331	819	A	0.2823	244	4.11E-109
VN-331	848	C	0.4164	268	1.08E-177
VN-331	4825	T	0.0272	625	4.97E-15
VN-331	6691	T	0.0149	2335	3.79E-11
VN-331	7793	T	0.0171	4652	6.86E-33
VN-331	11334	G	0.0083	3868	5.63E-07
VN-331	13824	A	0.0067	7176	2.67E-07
VN-331	13950	T	0.0098	7005	1.16E-15
VN-331	13959	C	0.0088	7172	7.37E-10
VN-331	14073	C	0.0162	6529	3.37E-43
VN-331	14095	T	0.0193	6752	5.38E-53
VN-331	14097	A	0.0191	6894	7.08E-43
VN-331	14124	T	0.0110	6692	2.54E-15
VN-331	14196	G	0.0092	8329	3.60E-15
VN-331	14205	T	0.0118	8385	2.16E-22
VN-331	14214	A	0.0165	8374	7.27E-60
VN-331	14238	A	0.0112	7623	9.65E-13
VN-331	14403	T	0.0177	7566	4.76E-67
VN-331	14466	A	0.0103	6392	9.07E-16
VN-331	14586	G	0.0228	5632	4.82E-42
VN-331	14699	A	0.0131	3042	7.70E-10
VN-331	14710	T	0.0231	3022	5.18E-34
VN-331	14751	C	0.0158	2892	3.84E-14
VN-331	14754	G	0.0129	2857	1.06E-06
VN-331	15152	A	0.0825	94	4.78E-08
VN-331	15159	C	0.1220	82	4.56E-18
VN-120	32	G	0.0543	92	5.47E-07
VN-120	33	C	0.0612	98	1.75E-10
VN-120	33	G	0.0714	98	1.75E-10
VN-120	34	C	0.0693	101	6.91E-10
VN-120	34	G	0.0693	101	6.91E-10
VN-120	36	A	0.1589	107	1.22E-08
VN-120	36	G	0.0654	107	1.22E-08
VN-120	37	G	0.0531	113	1.82E-09
VN-120	39	G	0.0769	91	1.24E-09
VN-120	40	G	0.0714	98	3.34E-09
VN-120	41	G	0.0784	102	6.40E-11
VN-120	42	G	0.0962	104	3.39E-14
VN-120	43	T	0.0545	110	3.94E-12
VN-120	43	G	0.0818	110	3.94E-12
VN-120	44	A	0.0517	116	3.45E-15
VN-120	44	G	0.0948	116	3.45E-15
VN-120	45	A	0.0588	119	1.50E-10
VN-120	46	A	0.0714	126	3.73E-13
VN-120	47	A	0.0462	129	3.55E-07
VN-120	48	A	0.0970	134	3.47E-20
VN-120	49	A	0.1042	144	5.45E-24
VN-120	53	A	0.0543	184	1.83E-14
VN-120	56	A	0.0343	204	1.58E-11
VN-120	57	T	0.0286	210	1.29E-09
VN-120	58	T	0.0332	211	3.10E-11
VN-120	68	C	0.0705	293	7.95E-26
VN-120	653	T	0.0170	1411	1.37E-27
VN-120	728	A	0.0538	1313	7.50E-101
VN-120	893	A	0.0126	873	2.03E-10
VN-120	992	C	0.0146	1232	7.01E-19
VN-120	1000	G	0.0252	1150	5.42E-38
VN-120	1412	A	0.0848	1591	1.36E-195
VN-120	1428	A	0.0114	1575	8.39E-13
VN-120	1444	G	0.0132	1363	2.41E-22
VN-120	1594	G	0.0488	1611	1.07E-102
VN-120	1651	C	0.0072	1939	1.75E-13
VN-120	1670	C	0.0111	2068	3.02E-25
VN-120	1697	G	0.0048	1450	7.30E-08
VN-120	1735	T	0.0437	936	1.85E-57
VN-120	1756	T	0.0135	963	2.85E-16
VN-120	3136	T	0.0204	2051	1.68E-44
VN-120	5065	A	0.0237	1426	5.39E-38
VN-120	5431	A	0.0069	1454	6.31E-08
VN-120	5446	A	0.0096	1462	3.32E-11
VN-120	5555	G	0.0064	1399	5.63E-09
VN-120	6100	C	0.0811	1252	1.39E-155
VN-120	6133	G	0.0132	1588	2.41E-17
VN-120	6443	G	0.0118	849	4.26E-10
VN-120	7282	A	0.0149	806	1.74E-12
VN-120	7914	C	0.0051	1560	8.38E-09
VN-120	8022	G	0.0086	1514	5.82E-12
VN-120	8121	C	0.0058	1377	2.63E-08
VN-120	8399	G	0.0054	1300	9.13E-07
VN-120	8871	G	0.0075	1464	5.97E-07
VN-120	9355	G	0.0066	1509	1.54E-09
VN-120	11487	C	0.0055	1644	1.95E-08
VN-120	11952	C	0.0050	2016	4.85E-09
VN-120	13269	G	0.0041	2957	4.02E-09
VN-120	13273	C	0.0035	2850	7.43E-09
VN-120	13554	G	0.0033	3362	4.05E-07
VN-120	13569	T	0.0034	3543	9.84E-07
VN-120	13617	A	0.0038	3120	5.38E-09
VN-120	13689	T	0.0092	2166	1.66E-17
VN-120	13956	G	0.0047	3223	3.52E-11
VN-120	14284	A	0.0028	3987	5.60E-08
VN-360	1678	T	0.0284	8978	1.41E-194
VN-360	4732	A	0.0175	1195	7.98E-11
VN-360	5030	G	0.0567	1204	3.82E-60
VN-360	7175	C	0.0237	3289	2.79E-49
VN-360	10516	C	0.0225	2311	3.47E-26
VN-360	13140	A	0.0052	8761	4.79E-10
VN-360	13575	A	0.0110	12901	1.11E-39
VN-391	123	G	0.0619	208	3.64E-09
VN-391	787	A	0.0536	720	2.79E-29
VN-391	942	T	0.0305	816	4.19E-17
VN-391	1204	G	0.0443	650	8.57E-21
VN-391	1265	G	0.0383	753	1.60E-17
VN-391	1648	G	0.0337	649	4.23E-13
VN-391	4338	C	0.0062	4828	1.35E-08
VN-391	4930	C	0.0170	765	4.75E-07
VN-391	5218	G	0.0227	616	7.48E-09
VN-391	5229	A	0.0194	616	3.12E-07
VN-391	5280	T	0.0232	600	2.90E-09
VN-391	5366	G	0.0235	639	5.76E-11
VN-391	5378	A	0.0175	626	1.60E-07
VN-391	5502	C	0.0187	747	3.15E-08
VN-391	5522	T	0.0204	734	9.12E-08
VN-391	5660	T	0.0258	928	1.20E-18
VN-391	5673	C	0.0306	941	3.64E-17
VN-391	5680	T	0.0192	985	4.24E-10
VN-391	5772	C	0.0195	869	1.22E-10
VN-391	5843	T	0.0205	825	7.46E-07
VN-391	5864	A	0.0316	787	3.08E-13
VN-391	5969	A	0.0247	1008	2.80E-08
VN-391	5978	T	0.0185	1621	1.40E-12
VN-391	6002	C	0.0163	2508	1.04E-16
VN-391	6004	C	0.0163	2448	6.28E-08
VN-391	6047	A	0.0360	631	5.01E-08
VN-391	7914	A	0.2724	1426	0
VN-391	8924	A	0.0076	5517	1.71E-08
VN-391	14098	T	0.0069	6224	5.15E-08
VN-391	15108	G	0.2444	301	2.35E-102
VN-119	367	A	0.0598	184	1.94E-18
VN-119	505	G	0.0604	146	3.52E-12
VN-119	623	A	0.0450	287	2.15E-17
VN-119	885	G	0.0532	93	7.67E-07
VN-119	1285	A	0.0386	310	3.92E-17
VN-119	4129	A	0.0146	888	9.02E-16
VN-119	5066	A	0.0309	931	1.26E-29
VN-119	5407	G	0.0068	881	3.61E-07
VN-119	5494	C	0.0166	899	7.35E-17
VN-119	8029	T	0.0125	956	1.34E-13
VN-119	9340	T	0.0102	1274	1.16E-14
VN-119	9463	G	0.0057	1579	1.92E-07
VN-119	10198	G	0.0071	987	1.06E-06
VN-119	11599	A	0.0098	1127	2.37E-09
VN-119	11750	G	0.0061	1156	1.12E-06
VN-119	13270	G	0.0041	1945	8.99E-07
VN-369	5374	T	0.0237	882	2.20E-12
VN-369	6360	T	0.0140	1501	8.28E-08
VN-369	14074	C	0.0124	5321	9.67E-28
VN-369	14096	T	0.0149	5627	5.11E-30
VN-369	14098	A	0.0142	5740	5.47E-23
VN-369	14206	T	0.0102	6584	3.88E-17
VN-369	14215	A	0.0129	6715	1.07E-29
VN-369	14404	T	0.0134	5722	1.74E-29
VN-369	14419	T	0.0106	5936	8.51E-16
VN-369	14425	T	0.0081	5774	5.85E-12
VN-369	14467	A	0.0090	4901	2.66E-11
VN-369	14587	G	0.0141	4178	9.53E-13
VN-369	14711	T	0.0158	3170	1.97E-17
VN-378	217	T	0.1385	1617	1.26E-250
VN-378	700	G	0.0711	569	1.48E-37
VN-378	1466	A	0.1815	600	3.95E-156
VN-378	4235	G	0.1249	3124	0
VN-378	5573	A	0.0132	3031	6.90E-09
VN-378	8311	A	0.0275	1733	2.10E-25
VN-378	11322	A	0.0193	3049	1.27E-26
VN-378	14586	G	0.0145	5764	6.09E-19
VN-789	2	C	0.9752	605	0
VN-789	4	C	0.1518	2071	5.98E-258
VN-789	33	T	0.0086	2095	1.18E-09
VN-789	1564	T	0.9671	516	0
VN-789	1898	A	0.9874	634	0
VN-789	2928	C	0.9678	621	0
VN-789	3220	G	0.4019	186	3.56E-99
VN-789	3262	G	0.4902	550	0
VN-789	3262	A	0.5081	559	0
VN-789	4680	A	0.1834	164	1.58E-32
VN-789	4722	A	0.9859	567	0
VN-789	6216	A	0.9950	597	0
VN-789	7609	A	0.9815	1028	0
VN-789	7630	G	0.0067	3279	9.46E-09
VN-789	8459	G	0.9991	1084	0
VN-789	9564	G	0.9942	1027	0
VN-789	9900	A	0.9695	1015	0
VN-789	10353	G	0.9931	1015	0
VN-789	11424	G	0.9898	1269	0
VN-789	12954	G	0.9980	1506	0
VN-789	14750	C	0.9968	1581	0
VN-789	15036	A	0.3707	217	2.46E-112
VN-789	15187	G	0.9865	519	0
VN-168	68	C	0.2000	20	1.96E-08
VN-168	617	T	0.0312	478	1.41E-20
VN-168	728	A	0.0419	333	1.71E-20
VN-168	1412	A	0.0481	436	1.08E-32
VN-168	1541	A	0.0129	539	4.00E-07
VN-168	1594	G	0.0413	844	2.04E-47
VN-168	3430	G	0.0038	2598	3.11E-07
VN-168	3817	T	0.0063	1428	1.12E-08
VN-168	4598	T	0.0031	5448	3.06E-08
VN-168	5067	A	0.0194	1025	1.71E-14
VN-168	5093	A	0.0113	975	5.06E-10
VN-168	5655	G	0.0104	672	9.48E-07
VN-168	6047	G	0.0057	1223	8.76E-07
VN-168	6446	A	0.0330	453	1.08E-14
VN-168	7291	G	0.2222	267	2.17E-89
VN-168	7302	G	0.0912	267	9.02E-31
VN-168	7941	T	0.0070	1002	4.43E-08
VN-168	8808	G	0.0038	2377	3.81E-07
VN-168	10252	G	0.0079	2671	1.18E-21
VN-168	10491	A	0.0131	762	1.11E-11
VN-168	13282	A	0.0078	1793	5.72E-10
VN-168	14149	G	0.0032	2510	1.13E-07
VN-168	14239	G	0.0032	3407	1.33E-08
VN-168	14301	G	0.0076	3801	3.80E-27
VN-168	14379	A	0.1252	2822	0
VN-168	14505	A	0.0052	2685	2.56E-08
VN-168	14588	G	0.0170	2819	6.14E-43
VN-356	636	G	0.0268	519	1.72E-09
VN-356	12507	G	0.0087	3108	4.82E-08
VN-356	14586	G	0.0163	4036	2.98E-17
VN-848	582	T	0.0157	635	1.24E-09
VN-848	4474	C	0.0075	7322	2.45E-22
VN-848	4483	T	0.0059	8318	2.22E-10
VN-848	4489	A	0.0063	8837	3.03E-10
VN-848	4561	C	0.0051	4112	2.30E-09
VN-848	5009	A	0.0146	1844	3.72E-12
VN-848	5018	T	0.0099	1817	1.31E-08
VN-848	5063	C	0.0137	1970	7.47E-18
VN-848	5068	A	0.0229	1907	1.14E-11
VN-848	5069	A	0.0200	1895	3.52E-19
VN-848	5070	A	0.0125	1909	1.72E-07
VN-848	5328	C	0.0126	2373	3.94E-15
VN-848	5340	C	0.0126	2358	6.25E-08
VN-848	5443	A	0.0164	2250	5.17E-17
VN-848	5473	C	0.0118	2280	1.72E-14
VN-848	5541	G	0.0126	2375	3.14E-19
VN-848	5844	C	0.0095	2719	2.33E-13
VN-848	6042	A	0.0118	3965	2.38E-22
VN-848	6238	T	0.0071	3529	4.57E-09
VN-848	6269	T	0.0120	4823	4.02E-28
VN-848	6785	C	0.0083	3014	4.15E-10
VN-848	7113	A	0.0072	2758	1.67E-07
VN-848	7381	G	0.0121	3049	4.18E-28
VN-848	7431	G	0.0096	2601	2.92E-11
VN-848	7599	G	0.0082	1818	1.56E-07
VN-848	7817	C	0.0057	6638	5.33E-11
VN-848	8122	G	0.0087	3197	4.07E-09
VN-848	8125	G	0.0117	3139	4.42E-10
VN-848	8233	C	0.0093	3533	9.99E-07
VN-848	8503	G	0.0083	3718	9.77E-15
VN-848	8515	C	0.0094	4686	3.46E-20
VN-848	8695	G	0.0094	7213	6.69E-21
VN-848	8868	G	0.0081	7486	5.02E-14
VN-848	8939	C	0.0046	8445	3.81E-07
VN-848	8954	G	0.0044	8715	4.06E-09
VN-848	8982	A	0.0611	8132	0
VN-848	9033	A	0.0037	8447	1.01E-07
VN-848	9124	A	0.0045	8395	2.50E-08
VN-848	9375	T	0.0046	15091	4.03E-10
VN-848	9459	G	0.0075	5593	2.77E-09
VN-848	9570	G	0.0096	4350	3.66E-14
VN-848	9620	A	0.0061	4763	7.80E-09
VN-848	9775	T	0.0097	3797	2.37E-15
VN-848	9846	C	0.0066	4977	3.86E-11
VN-848	9893	G	0.0065	5072	3.83E-11
VN-848	10169	C	0.0049	13994	1.83E-12
VN-848	10373	G	0.0076	3681	1.97E-09
VN-848	10419	G	0.0135	3636	2.36E-27
VN-848	10638	G	0.0089	3358	9.35E-09
VN-848	10716	C	0.0136	2862	1.05E-12
VN-848	10756	T	0.0100	3006	6.93E-11
VN-848	10761	C	0.0125	3029	2.38E-07
VN-848	10857	G	0.0079	3304	1.73E-11
VN-848	10974	T	0.0168	3507	8.97E-41
VN-848	11133	G	0.0154	3307	3.00E-19
VN-848	11193	A	0.0565	3077	8.36E-174
VN-848	11202	G	0.0099	3014	9.89E-15
VN-848	11485	G	0.0069	3313	5.14E-08
VN-848	12897	A	0.0060	8443	8.79E-11
VN-848	13120	T	0.0062	20945	2.87E-29
VN-848	13305	C	0.0121	6374	2.00E-46
VN-848	13558	T	0.0036	25011	1.70E-07
VN-848	13820	A	0.0069	14927	1.48E-25
VN-848	13821	A	0.0072	14829	4.25E-37
VN-848	13890	C	0.0103	14431	3.89E-83
VN-848	13912	G	0.0051	14379	3.09E-10
VN-848	13914	C	0.0057	14410	6.03E-18
VN-848	13953	G	0.0061	16315	6.63E-26
VN-848	13956	C	0.0078	16357	1.05E-41
VN-848	13986	G	0.0092	15474	1.55E-54
VN-848	13992	A	0.0078	15166	6.46E-34
VN-848	13998	C	0.0060	14590	2.64E-20
VN-848	14000	G	0.0054	14541	1.06E-18
VN-848	14028	T	0.0068	13067	2.30E-15
VN-848	14031	T	0.0051	13264	9.09E-13
VN-848	14055	A	0.0071	14417	6.13E-12
VN-848	14070	C	0.0181	14096	1.09E-180
VN-848	14092	T	0.0247	13783	1.54E-281
VN-848	14094	A	0.0237	13977	1.33E-249
VN-848	14121	T	0.0094	13414	2.73E-43
VN-848	14127	A	0.0064	13481	3.77E-15
VN-848	14172	G	0.0067	14373	5.67E-29
VN-848	14178	A	0.0086	14214	2.97E-45
VN-848	14193	G	0.0155	14638	9.36E-125
VN-848	14202	T	0.0177	14462	7.95E-168
VN-848	14211	A	0.0211	14664	1.63E-220
VN-848	14235	A	0.0114	14368	1.24E-60
VN-848	14241	A	0.0074	14402	2.01E-28
VN-848	14415	T	0.0168	15194	1.75E-164
VN-848	14421	T	0.0137	14915	5.72E-122
VN-848	14463	A	0.0085	12207	6.09E-38
VN-848	14496	C	0.0086	11272	1.23E-16
VN-848	14550	T	0.0029	24284	2.13E-07
VN-848	14559	T	0.0030	23666	2.80E-07
VN-848	14583	G	0.0104	18580	3.36E-52
VN-848	14655	T	0.0117	8372	3.44E-31
VN-848	14664	G	0.0087	8273	1.25E-17
VN-848	14696	A	0.0076	7340	2.00E-10
VN-848	14707	T	0.0149	7254	1.79E-63
VN-848	14748	C	0.0081	7762	3.14E-09
VN-848	15014	G	0.0301	10639	0
VN-848	15156	C	0.0280	321	3.44E-13
VN-780	2	C	0.9831	236	0
VN-780	4	C	0.1763	853	9.52E-124
VN-780	1564	A	0.0407	539	1.43E-13
VN-780	1564	T	0.9575	541	0
VN-780	1898	A	0.9953	423	0
VN-780	2927	G	0.0280	639	1.12E-07
VN-780	2927	C	0.9626	642	0
VN-780	3037	A	0.1810	423	4.13E-97
VN-780	3261	G	0.4316	555	0
VN-780	3261	A	0.5666	563	0
VN-780	4495	C	0.0363	1280	9.17E-26
VN-780	4721	A	0.9865	444	0
VN-780	6215	A	1.0000	572	0
VN-780	6244	C	0.0405	221	6.91E-07
VN-780	7433	C	0.0293	376	8.75E-12
VN-780	7608	A	0.9957	703	0
VN-780	7628	G	0.0221	1986	2.90E-44
VN-780	7877	T	0.9896	675	0
VN-780	8458	G	0.9988	848	0
VN-780	8934	G	0.0303	923	1.48E-21
VN-780	9563	G	0.9976	828	0
VN-780	9899	A	0.9748	872	0
VN-780	10352	G	0.9932	885	0
VN-780	11423	G	0.9885	866	0
VN-780	11839	T	1.0000	701	0
VN-780	12953	G	0.9952	831	0
VN-780	13352	G	0.9880	668	0
VN-780	13355	T	0.9973	1127	0
VN-780	15186	G	0.9886	438	0
VN-794	633	T	0.0879	2716	9.13E-292
VN-794	1238	C	0.0103	3090	1.26E-17
VN-794	2421	A	0.0084	4646	7.18E-11
VN-794	4474	C	0.0078	18524	9.46E-72
VN-794	4483	T	0.0059	16319	1.31E-17
VN-794	4489	A	0.0060	14063	4.62E-10
VN-794	4535	C	0.0202	7141	4.04E-51
VN-794	4688	A	0.0079	4438	2.79E-13
VN-794	4839	G	0.0085	4562	3.28E-09
VN-794	4841	C	0.0089	4583	1.19E-15
VN-794	4901	C	0.0118	4742	9.39E-23
VN-794	5009	A	0.0149	4075	1.14E-20
VN-794	5014	A	0.0113	4160	1.38E-15
VN-794	5018	T	0.0128	4145	4.08E-19
VN-794	5063	C	0.0083	4719	3.97E-13
VN-794	5068	A	0.0228	4505	6.57E-27
VN-794	5069	A	0.0245	4460	8.32E-63
VN-794	5070	A	0.0227	4460	1.26E-36
VN-794	5081	T	0.0086	4158	2.24E-07
VN-794	5246	C	0.0094	5016	5.32E-13
VN-794	5328	C	0.0080	5127	2.69E-14
VN-794	5340	C	0.0092	5099	1.46E-09
VN-794	5473	C	0.0110	5171	2.30E-23
VN-794	5541	G	0.0088	5084	9.82E-15
VN-794	5582	G	0.0132	5534	1.72E-28
VN-794	5844	C	0.0108	5903	7.24E-32
VN-794	6042	A	0.0103	15785	1.36E-63
VN-794	7320	C	0.0246	5828	3.69E-80
VN-794	9144	A	0.0061	11140	1.28E-08
VN-794	11473	T	0.0053	3794	4.49E-09
VN-794	12532	G	0.0060	5820	3.24E-11
VN-794	13305	C	0.0045	6191	5.88E-08
VN-794	14400	T	0.0032	12630	1.61E-08
VN-794	14583	G	0.0150	23519	2.30E-110
VN-824	473	C	0.0075	3330	1.10E-08
VN-824	5235	A	0.0068	4098	1.45E-07
VN-824	7583	A	0.0076	3529	1.55E-07
VN-824	12900	A	0.0052	5927	1.84E-08
VN-824	14060	G	0.0095	11384	1.37E-28
VN-824	14586	G	0.0096	16654	1.77E-29
VN-150	936	G	0.0824	85	7.10E-13
VN-150	1164	T	0.1389	143	2.94E-33
VN-150	1862	A	0.0069	1157	1.35E-08
VN-150	2192	G	0.0058	1382	7.26E-08
VN-150	4594	G	0.0686	5055	0
VN-150	5062	A	0.0444	1479	1.39E-85
VN-150	5065	A	0.0224	1470	3.55E-37
VN-150	5446	A	0.0091	1094	1.39E-07
VN-150	5480	T	0.0060	1161	8.65E-07
VN-150	5504	A	0.0436	1169	1.39E-76
VN-150	8775	C	0.0098	2439	5.04E-15
VN-150	10053	G	0.0059	2041	3.80E-07
VN-150	10406	T	0.0097	932	2.71E-10
VN-150	11334	G	0.0165	546	9.83E-12
VN-150	11588	A	0.0072	2629	1.32E-14
VN-150	12572	A	0.0061	1815	3.02E-09
VN-150	12732	G	0.1436	1315	1.47E-305
VN-150	14073	C	0.0063	1739	5.63E-09
VN-150	14095	T	0.0045	1794	1.85E-07
VN-150	14205	T	0.0047	2135	3.12E-10
VN-150	14214	A	0.0043	2322	1.49E-09
VN-150	14586	G	0.0142	1552	4.48E-18
VN-844	404	C	0.0147	2378	8.73E-23
VN-844	599	A	0.0101	2666	3.27E-10
VN-844	789	G	0.0136	2430	2.06E-21
VN-844	859	A	0.0118	2868	4.16E-16
VN-844	912	T	0.0175	2796	2.21E-34
VN-844	1234	A	0.0151	2711	2.45E-24
VN-844	1240	G	0.0173	2654	1.66E-28
VN-844	1244	C	0.0216	2682	1.19E-42
VN-844	1257	A	0.0170	2699	2.47E-27
VN-844	1373	T	0.0087	2627	8.70E-09
VN-844	1460	G	0.0138	2394	3.13E-18
VN-844	1503	A	0.0171	2448	1.09E-32
VN-844	1515	G	0.0079	2399	2.01E-09
VN-844	1646	A	0.0169	1531	3.99E-19
VN-844	1721	A	0.0044	8621	7.36E-12
VN-844	4217	C	0.0079	6349	3.31E-18
VN-844	5044	T	0.2265	4016	0
VN-844	5573	A	0.0064	5630	1.32E-10
VN-844	11588	A	0.0041	11645	7.97E-08
VN-844	12805	T	0.0062	6472	9.27E-10
VN-844	12900	A	0.0060	5709	3.36E-10
VN-844	14238	G	0.0062	10843	9.79E-11
VN-844	14243	T	0.0048	10969	4.86E-08
VN-844	14586	G	0.0123	13958	5.78E-55
VN-795	393	C	0.1652	886	2.00E-202
VN-795	694	T	0.0128	856	2.25E-08
VN-795	1396	T	0.1889	861	5.58E-227
VN-795	3992	C	0.0119	3425	3.08E-21
VN-795	4667	T	0.0096	1881	1.74E-09
VN-795	4673	C	0.0117	1791	6.47E-07
VN-795	5017	A	0.0129	1926	1.55E-07
VN-795	5067	G	0.0161	1979	5.49E-18
VN-795	5404	C	0.0082	2327	2.02E-09
VN-795	6102	A	0.0030	9150	5.07E-12
VN-795	7548	T	0.0059	2555	9.72E-07
VN-795	7736	C	0.0059	4733	3.50E-09
VN-795	8757	T	0.0104	5371	1.37E-27
VN-795	9018	A	0.0070	5972	5.90E-13
VN-795	10039	T	0.0042	6383	1.29E-07
VN-795	11097	C	0.0083	2529	3.01E-10
VN-795	11391	G	0.0069	3023	6.49E-08
VN-795	11408	T	0.0088	2505	1.14E-07
VN-795	13823	A	0.0069	7729	6.90E-14
VN-795	13824	A	0.0067	7712	1.93E-21
VN-795	13836	G	0.0053	7279	1.12E-06
VN-795	13893	C	0.0086	7065	3.75E-34
VN-795	13956	G	0.0047	7693	4.61E-08
VN-795	13959	C	0.0075	7715	4.16E-18
VN-795	13989	G	0.0079	7309	7.98E-19
VN-795	13995	A	0.0061	7215	6.20E-11
VN-795	14001	C	0.0057	7033	1.04E-10
VN-795	14003	G	0.0053	6975	4.90E-12
VN-795	14031	T	0.0071	6336	5.85E-10
VN-795	14034	T	0.0055	6349	2.84E-08
VN-795	14058	A	0.0061	7176	2.73E-07
VN-795	14073	C	0.0146	7233	6.46E-69
VN-795	14095	T	0.0228	7257	3.19E-127
VN-795	14097	A	0.0217	7378	3.92E-112
VN-795	14124	T	0.0104	6904	1.75E-25
VN-795	14130	A	0.0064	7007	1.10E-06
VN-795	14181	A	0.0066	6785	9.59E-13
VN-795	14196	G	0.0135	6854	2.01E-46
VN-795	14205	T	0.0156	6957	2.88E-72
VN-795	14214	A	0.0198	7171	1.71E-102
VN-795	14238	A	0.0132	7496	9.38E-39
VN-795	14244	A	0.0083	7603	2.65E-20
VN-795	14403	T	0.0235	7692	2.25E-162
VN-795	14418	T	0.0202	7624	2.35E-111
VN-795	14424	T	0.0156	7436	6.20E-78
VN-795	14466	A	0.0092	6641	2.52E-25
VN-795	14499	C	0.0102	5965	8.20E-13
VN-795	14586	G	0.0101	13027	1.30E-24
VN-795	14658	T	0.0120	4167	3.97E-14
VN-795	14667	G	0.0090	4232	5.45E-14
VN-795	14699	A	0.0099	3513	2.06E-10
VN-795	14710	T	0.0211	3546	4.06E-59
VN-795	14751	C	0.0127	3668	4.51E-14
VN-795	14754	G	0.0115	3725	1.17E-08
VN-795	15159	C	0.0547	128	5.02E-12
VN-833	49	A	0.0667	75	2.17E-07
VN-833	95	T	0.0433	848	7.16E-28
VN-833	202	C	0.0316	6616	3.19E-191
VN-833	617	T	0.0186	4496	4.85E-47
VN-833	862	G	0.0415	4882	5.15E-145
VN-833	919	C	0.0080	4484	6.21E-12
VN-833	1017	C	0.0354	4309	5.06E-127
VN-833	1091	T	0.0355	3820	8.80E-137
VN-833	2421	A	0.0115	3725	3.68E-14
VN-833	3022	T	0.0061	3462	4.58E-07
VN-833	3576	T	0.0050	5021	8.77E-08
VN-833	3647	T	0.0058	5001	5.97E-09
VN-833	4010	T	0.0132	4769	1.34E-35
VN-833	5222	C	0.0072	4292	1.41E-10
VN-833	5371	A	0.0133	4569	8.65E-24
VN-833	5405	C	0.0053	5120	6.58E-07
VN-833	5477	C	0.0068	4685	8.03E-09
VN-833	5543	C	0.0079	4784	1.14E-10
VN-833	5647	C	0.0053	5669	9.92E-07
VN-833	6685	T	0.0076	5940	1.41E-11
VN-833	10763	G	0.0059	3872	5.96E-07
VN-833	10847	A	0.0070	3988	1.22E-11
VN-833	11125	T	0.0172	4299	3.99E-47
VN-833	11204	A	0.0073	4255	5.57E-14
VN-833	11407	T	0.0061	4429	2.73E-07
VN-833	11479	T	0.0058	4120	1.23E-09
VN-833	14074	C	0.0046	13315	2.68E-12
VN-833	14096	T	0.0078	13437	2.36E-39
VN-833	14206	T	0.0045	13512	3.12E-10
VN-833	14215	A	0.0049	13729	2.08E-15
VN-833	14404	T	0.0051	14404	1.66E-23
VN-833	14419	T	0.0042	14453	9.02E-08
VN-833	14587	G	0.0059	17577	5.45E-07
VN-767	2	C	0.9583	72	0
VN-767	4	C	0.1622	218	5.55E-34
VN-767	1564	T	0.9630	81	0
VN-767	1898	A	0.9861	72	0
VN-767	2927	C	0.9854	137	0
VN-767	3162	A	0.3835	128	6.64E-79
VN-767	3261	G	0.4259	107	1.86E-69
VN-767	3261	A	0.5741	108	0
VN-767	3861	G	0.0667	90	3.07E-08
VN-767	4721	A	0.9915	118	0
VN-767	5313	T	0.0875	79	6.30E-08
VN-767	5597	A	0.0606	99	1.78E-08
VN-767	6019	C	0.0617	224	1.32E-13
VN-767	6215	A	0.9864	147	0
VN-767	7608	A	0.9872	78	0
VN-767	7821	C	0.0732	81	2.22E-07
VN-767	7877	T	1.0000	66	0
VN-767	8458	G	1.0000	324	0
VN-767	8519	C	0.1176	51	6.50E-09
VN-767	8533	C	0.1132	53	3.53E-09
VN-767	8874	G	0.0472	252	2.29E-07
VN-767	9797	A	0.0635	247	6.68E-10
VN-767	10323	G	0.0508	1336	2.54E-92
VN-767	10352	G	0.9896	480	0
VN-767	11423	G	0.9802	656	0
VN-767	12509	C	0.0211	380	1.88E-08
VN-767	12864	G	0.2549	507	6.11E-194
VN-767	12953	G	0.9957	926	0
VN-767	13183	C	0.0449	865	4.73E-30
VN-767	13186	C	0.0413	771	1.04E-23
VN-767	13192	A	0.0541	627	5.76E-30
VN-767	13352	G	0.9759	746	0
VN-767	13385	T	0.2104	580	9.42E-63
VN-767	13448	A	0.1041	485	3.80E-54
VN-767	13453	A	0.1098	516	2.29E-70
VN-767	13471	C	0.1245	485	2.65E-63
VN-767	13474	A	0.0976	492	1.13E-50
VN-767	13477	A	0.0742	481	2.94E-40
VN-767	13483	C	0.0716	442	1.11E-27
VN-767	13528	A	0.0341	642	1.29E-16
VN-767	13534	A	0.0359	777	1.67E-19
VN-767	13540	A	0.0559	1074	3.77E-66
VN-767	13552	A	0.0565	1517	1.01E-87
VN-767	13562	G	0.0342	1865	2.63E-51
VN-767	13563	A	0.0327	1865	1.23E-50
VN-767	13570	T	0.0213	1819	5.07E-10
VN-767	13750	T	0.0656	863	3.01E-47
VN-767	13762	C	0.0774	877	7.78E-78
VN-767	13768	C	0.0767	883	3.85E-77
VN-767	13819	C	0.0325	790	4.27E-12
VN-767	13824	A	0.1914	760	1.79E-209
VN-767	13825	A	0.1899	751	2.05E-212
VN-767	13837	G	0.1435	655	5.42E-108
VN-767	13846	C	0.0564	654	3.54E-15
VN-767	13882	T	0.0627	629	1.52E-33
VN-767	13883	G	0.0795	615	4.37E-36
VN-767	13894	C	0.1692	716	2.78E-170
VN-767	13916	G	0.1888	725	1.58E-162
VN-767	13918	C	0.1843	719	2.37E-174
VN-767	13927	T	0.1643	783	9.03E-177
VN-767	13930	C	0.1480	767	9.74E-127
VN-767	13945	C	0.1687	743	4.16E-174
VN-767	13951	A	0.2074	750	1.87E-17
VN-767	13951	T	0.0423	750	1.87E-17
VN-767	13957	G	0.2032	792	9.90E-222
VN-767	13960	C	0.2214	822	1.41E-262
VN-767	13990	G	0.2570	839	0
VN-767	13996	A	0.2548	812	1.09E-292
VN-767	14002	C	0.2415	770	9.91E-262
VN-767	14004	G	0.2484	773	1.82E-269
VN-767	14032	T	0.2254	672	7.74E-192
VN-767	14035	T	0.2154	681	5.96E-175
VN-767	14038	T	0.0399	748	6.00E-21
VN-767	14047	A	0.2235	679	1.16E-178
VN-767	14053	G	0.2313	707	5.46E-219
VN-767	14059	A	0.2497	741	1.15E-249
VN-767	14074	C	0.3073	731	0
VN-767	14096	T	0.3230	711	0
VN-767	14098	A	0.3085	701	3.95E-306
VN-767	14125	T	0.2105	629	1.78E-182
VN-767	14131	A	0.1395	613	8.92E-95
VN-767	14135	C	0.1039	578	5.68E-62
VN-767	14149	C	0.0564	599	1.03E-25
VN-767	14158	A	0.1312	700	3.07E-114
VN-767	14164	A	0.2018	753	3.50E-218
VN-767	14176	G	0.2800	821	0
VN-767	14182	A	0.2908	871	0
VN-767	14197	G	0.2533	816	2.92E-290
VN-767	14206	T	0.2637	843	3.083e-320
VN-767	14215	A	0.2696	817	0
VN-767	14239	A	0.2021	742	3.65E-198
VN-767	14245	A	0.1419	695	1.24E-109
VN-767	14254	T	0.1033	645	2.36E-74
VN-767	14258	A	0.0818	624	7.59E-43
VN-767	14260	C	0.0806	597	2.39E-42
VN-767	14269	C	0.1723	670	2.17E-138
VN-767	14287	C	0.1907	597	2.46E-161
VN-767	14292	C	0.1786	531	5.60E-116
VN-767	14296	T	0.1481	508	2.60E-102
VN-767	14305	A	0.1019	464	3.92E-46
VN-767	14314	T	0.1097	478	4.93E-63
VN-767	14317	A	0.1303	505	4.33E-65
VN-767	14323	T	0.2026	610	3.78E-159
VN-767	14338	G	0.2230	691	8.96E-226
VN-767	14344	A	0.1904	686	4.62E-197
VN-767	14356	T	0.1023	565	3.15E-30
VN-767	14359	A	0.0504	542	1.61E-09
VN-767	14377	T	0.1155	585	3.47E-59
VN-767	14379	C	0.1326	594	7.54E-56
VN-767	14404	T	0.3028	899	0
VN-767	14419	T	0.3200	872	0
VN-767	14425	T	0.3119	820	0
VN-767	14446	G	0.1730	620	2.23E-139
VN-767	14450	C	0.1489	598	4.25E-96
VN-767	14455	T	0.1581	574	9.16E-87
VN-767	14458	C	0.1607	587	3.73E-89
VN-767	14467	A	0.2067	616	1.11E-179
VN-767	14500	C	0.1458	533	2.47E-86
VN-767	14530	T	0.0514	1269	3.28E-34
VN-767	14533	G	0.0752	1327	1.94E-65
VN-767	14551	T	0.1634	1607	0
VN-767	14554	T	0.1740	1533	0
VN-767	14563	T	0.1769	1214	1.28E-307
VN-767	14575	T	0.1229	769	5.36E-117
VN-767	14620	A	0.0353	480	6.08E-14
VN-767	14623	C	0.0535	478	5.36E-16
VN-767	14626	A	0.0755	479	2.83E-30
VN-767	14632	T	0.1054	475	2.12E-49
VN-767	14635	C	0.1097	474	6.92E-58
VN-767	14659	T	0.1791	433	3.14E-91
VN-767	14668	G	0.1190	416	8.70E-60
VN-767	14672	T	0.1020	397	6.02E-44
VN-767	14695	A	0.1366	331	3.09E-42
VN-767	14711	T	0.2892	435	8.81E-193
VN-767	14716	G	0.0201	2062	5.72E-08
VN-767	14749	C	0.9935	1077	0
VN-767	14752	C	0.2866	481	4.46E-194
VN-767	14755	G	0.2828	466	1.53E-178
VN-767	14764	T	0.0455	483	3.29E-20
VN-767	14767	C	0.2296	451	1.03E-143
VN-767	14779	T	0.1298	411	4.07E-63
VN-767	14788	A	0.0678	358	2.13E-12
VN-767	14887	T	0.0343	233	7.30E-08
VN-767	14890	T	0.0400	225	1.09E-07
VN-767	14893	A	0.0439	228	3.46E-10
VN-767	14905	G	0.1179	209	2.15E-29
VN-767	14908	C	0.0995	210	2.50E-25
VN-767	14914	G	0.0882	203	5.33E-22
VN-767	14926	A	0.0933	222	1.33E-22
VN-767	15019	T	0.0470	297	5.04E-16
VN-767	15153	A	0.3277	1675	5.48E-56
VN-767	15186	G	0.9897	680	0
VN-743	2	C	0.9783	92	0
VN-743	4	C	0.0997	287	1.18E-21
VN-743	1564	T	0.9708	171	0
VN-743	1898	A	0.9929	141	0
VN-743	2927	C	0.9609	281	0
VN-743	3261	A	0.4936	213	5.26E-160
VN-743	3261	G	0.5021	235	0
VN-743	4721	A	1.0000	282	0
VN-743	5004	C	0.0485	165	2.07E-08
VN-743	6215	A	1.0000	373	0
VN-743	7608	A	0.9827	578	0
VN-743	7877	T	0.9864	367	0
VN-743	8146	A	0.0272	367	7.42E-09
VN-743	8458	G	0.9984	644	0
VN-743	9563	G	0.9940	669	0
VN-743	9899	A	0.9722	612	0
VN-743	10352	G	0.9900	597	0
VN-743	11423	G	0.9865	665	0
VN-743	11839	T	0.9982	565	0
VN-743	12953	G	0.9949	782	0
VN-743	14096	T	0.0183	656	5.38E-08
VN-743	14098	A	0.0209	670	1.93E-08
VN-743	14749	C	0.9979	962	0
VN-743	15186	G	0.9895	572	0
VN-793	48	A	0.0725	69	8.54E-07
VN-793	267	A	0.0145	2624	1.79E-22
VN-793	453	A	0.0190	3300	6.44E-38
VN-793	617	T	0.0097	3171	1.88E-12
VN-793	622	A	0.0154	2981	1.01E-28
VN-793	876	G	0.0156	3707	5.06E-33
VN-793	961	G	0.0105	2859	4.08E-16
VN-793	1003	T	0.0172	2971	1.44E-40
VN-793	1064	C	0.0109	3101	1.97E-07
VN-793	1260	T	0.0192	3434	2.44E-40
VN-793	1505	G	0.0098	3055	7.56E-15
VN-793	1597	T	0.0089	2572	5.72E-10
VN-793	2421	A	0.0108	3793	1.22E-11
VN-793	3516	T	0.0060	3676	3.82E-08
VN-793	3967	T	0.1573	4412	0
VN-793	11280	C	0.0965	3986	0
VN-793	14587	G	0.0122	18950	4.33E-53
VN-820	3520	A	0.0100	5912	1.84E-27
VN-820	4809	A	0.0144	4863	3.26E-41
VN-820	5069	A	0.0322	5091	5.00E-109
VN-820	5571	G	0.0060	6312	4.46E-08
VN-820	10009	C	0.0139	6763	3.09E-57
VN-820	12575	T	0.0059	6289	1.02E-06
VN-820	12576	A	0.0105	6254	1.27E-33
VN-820	14590	G	0.0132	17210	1.13E-60
VN-217	32	G	0.0583	103	1.94E-08
VN-217	33	C	0.0561	107	3.29E-11
VN-217	33	G	0.0748	107	3.29E-11
VN-217	34	C	0.0654	107	8.51E-09
VN-217	34	G	0.0654	107	8.51E-09
VN-217	35	A	0.1842	114	1.02E-08
VN-217	35	G	0.0702	114	1.02E-08
VN-217	37	G	0.0484	123	2.93E-08
VN-217	38	G	0.1075	93	1.23E-14
VN-217	39	G	0.1146	96	3.04E-15
VN-217	40	G	0.1273	110	1.60E-19
VN-217	41	G	0.0917	120	3.13E-14
VN-217	42	G	0.0650	123	2.30E-09
VN-217	43	G	0.0794	126	4.97E-14
VN-217	44	A	0.0827	132	3.31E-13
VN-217	44	G	0.0752	132	3.31E-13
VN-217	45	A	0.0719	139	1.27E-15
VN-217	46	A	0.0662	151	1.41E-14
VN-217	47	A	0.0915	164	1.51E-22
VN-217	48	A	0.0854	164	1.45E-21
VN-217	49	A	0.0819	171	7.99E-22
VN-217	53	A	0.0526	209	2.45E-18
VN-217	54	G	0.0179	223	7.84E-07
VN-217	56	A	0.0286	244	9.28E-10
VN-217	57	T	0.0233	257	4.88E-10
VN-217	58	T	0.0265	264	1.19E-11
VN-217	68	C	0.0801	357	6.12E-40
VN-217	617	T	0.0091	1762	3.34E-16
VN-217	728	A	0.0752	1485	1.28E-156
VN-217	1000	G	0.0081	1353	3.62E-10
VN-217	1412	A	0.0600	1746	2.22E-161
VN-217	1594	G	0.0434	1967	2.60E-110
VN-217	1735	T	0.0247	1576	1.48E-48
VN-217	2421	A	0.0091	1093	3.85E-07
VN-217	3495	C	0.0046	2175	7.09E-07
VN-217	5066	A	0.0296	1380	8.48E-48
VN-217	5092	A	0.0085	1178	5.90E-07
VN-217	5447	A	0.0074	1343	3.62E-08
VN-217	8023	G	0.0078	1538	8.24E-10
VN-217	8980	G	0.0250	1878	1.95E-61
VN-217	10408	A	0.0321	683	5.05E-30
VN-217	11750	G	0.0043	2551	1.51E-07
VN-217	11812	T	0.0850	1407	6.91E-97
VN-217	12505	T	0.0894	1733	8.67E-241
VN-217	13825	T	0.0085	2346	4.44E-19
VN-217	14587	G	0.0190	2150	5.84E-34
VN-778	2	C	0.9880	83	0
VN-778	4	C	0.1853	278	3.75E-48
VN-778	1564	T	0.9730	333	0
VN-778	2927	C	0.9610	539	0
VN-778	3264	G	0.4420	479	3.20E-284
VN-778	3264	A	0.5560	491	0
VN-778	4227	T	0.0454	460	9.63E-19
VN-778	4724	A	0.9972	363	0
VN-778	6218	A	0.9906	426	0
VN-778	7611	A	0.9897	682	0
VN-778	7631	G	0.0133	2262	3.49E-20
VN-778	7880	T	0.9946	560	0
VN-778	8461	G	0.9987	770	0
VN-778	9566	G	0.9973	741	0
VN-778	9902	A	0.9796	783	0
VN-778	10355	G	0.9882	849	0
VN-778	11426	G	0.9914	698	0
VN-778	12956	G	0.9979	948	0
VN-778	14752	C	0.9981	1066	0
VN-778	15190	G	0.9856	487	0
VN-372	361	G	0.0181	664	7.16E-08
VN-372	561	G	0.0273	806	4.61E-14
VN-372	599	A	0.0317	782	3.47E-12
VN-372	1708	A	0.0102	3721	5.06E-07
VN-372	11854	T	0.0386	2805	8.29E-48
VN-372	14587	G	0.0139	5683	9.20E-18
VN-790	2	C	0.9762	589	0
VN-790	4	C	0.1494	1962	9.78E-250
VN-790	896	T	0.0228	394	1.11E-06
VN-790	1017	G	0.0232	345	7.94E-07
VN-790	1564	A	0.0433	618	4.66E-14
VN-790	1564	T	0.9519	624	0
VN-790	1898	A	0.9904	628	0
VN-790	2927	C	0.9643	617	0
VN-790	3261	A	0.6374	593	0
VN-790	4720	A	0.9932	439	0
VN-790	6214	A	0.9934	609	0
VN-790	7607	A	0.9905	951	0
VN-790	7627	G	0.0191	3091	1.87E-45
VN-790	7876	T	0.9930	859	0
VN-790	8457	G	1.0000	1145	0
VN-790	9562	G	0.9966	1164	0
VN-790	9898	A	0.9728	1289	0
VN-790	10351	G	0.9768	1252	0
VN-790	11422	G	0.9865	1408	0
VN-790	12952	G	0.9978	1785	0
VN-790	14748	C	0.9978	1818	0
VN-790	15185	G	0.9918	1096	0
VN-834	563	C	0.0100	1401	1.33E-07
VN-834	573	G	0.0611	1391	2.09E-81
VN-834	1128	C	0.0281	1210	3.09E-27
VN-834	1307	C	0.0252	1350	3.41E-33
VN-834	1461	A	0.0965	1223	1.53E-159
VN-834	1535	G	0.0917	1108	9.61E-136
VN-834	2574	A	0.0064	4038	2.29E-09
VN-834	7724	C	0.0163	5947	1.20E-80
VN-834	7736	C	0.0168	4094	1.01E-44
VN-834	7820	C	0.0205	7972	1.29E-94
VN-834	10053	G	0.0054	10515	1.59E-07
VN-834	10091	T	0.0612	14622	0
VN-834	11031	G	0.0067	5393	7.55E-10
VN-834	13315	A	0.0060	6937	4.58E-12
VN-834	14586	G	0.0124	17408	2.68E-65
VN-525	1021	G	0.0724	1401	4.74E-106
VN-525	1378	A	0.0509	1382	8.23E-42
VN-525	1601	C	0.0168	653	6.64E-07
VN-525	3825	G	0.1893	1604	0
VN-525	3993	A	0.0107	1683	5.78E-08
VN-525	6522	G	0.0157	1649	5.63E-08
VN-525	10068	T	0.0066	5411	1.29E-11
VN-525	10402	G	0.0143	2374	8.46E-11
VN-525	10888	G	0.0112	1868	1.71E-07
VN-525	11610	C	0.1902	7879	0
VN-525	14078	G	0.0073	6019	1.29E-07
VN-525	14095	T	0.0106	5914	7.48E-16
VN-525	14097	A	0.0112	5973	1.49E-13
VN-525	14214	A	0.0090	6128	1.69E-13
VN-525	14403	T	0.0091	6716	2.80E-16
VN-525	14586	G	0.0110	6280	4.67E-11
VN-816	197	G	0.0073	4758	3.30E-12
VN-816	541	G	0.0060	3838	1.19E-08
VN-816	1339	C	0.0059	4092	1.03E-06
VN-816	14586	G	0.0088	12429	8.00E-17
VN-587	298	A	0.0207	914	1.63E-09
VN-587	355	A	0.0166	1143	1.44E-08
VN-587	479	C	0.0189	1424	1.93E-15
VN-587	1040	C	0.0210	1423	2.95E-14
VN-587	1239	A	0.0205	1457	1.33E-14
VN-587	1423	C	0.0161	1428	2.11E-09
VN-587	1534	A	0.0142	1268	1.96E-07
VN-587	4745	C	0.0231	1339	6.32E-21
VN-587	4753	C	0.0182	1426	3.19E-15
VN-587	4760	C	0.0186	1495	2.03E-09
VN-587	4783	C	0.0261	1531	1.10E-26
VN-587	10050	G	0.0160	1993	3.05E-07
VN-587	10879	C	0.0116	2245	3.17E-08
VN-784	2	C	0.9731	223	0
VN-784	4	C	0.1582	689	1.92E-92
VN-784	424	A	0.0496	120	2.59E-07
VN-784	1564	A	0.0320	436	5.51E-07
VN-784	1564	T	0.9634	437	0
VN-784	1898	A	0.9936	311	0
VN-784	2927	C	0.9730	482	0
VN-784	3261	G	0.3290	449	1.15E-154
VN-784	3261	A	0.6688	462	0
VN-784	4721	A	0.9937	318	0
VN-784	6215	A	0.9919	493	0
VN-784	7608	A	0.9832	834	0
VN-784	7628	G	0.0290	2794	1.24E-82
VN-784	7877	T	0.9918	607	0
VN-784	8458	G	1.0000	971	0
VN-784	9563	G	0.9920	1000	0
VN-784	9899	A	0.9752	966	0
VN-784	10352	G	0.9840	997	0
VN-784	11423	G	0.9931	869	0
VN-784	11839	T	1.0000	734	0
VN-784	12953	G	0.9992	1211	0
VN-784	13702	G	0.0421	1280	2.43E-51
VN-784	14749	C	0.9993	1445	0
VN-784	15186	G	0.9941	673	0
VN-134	35	A	0.1364	44	1.98E-11
VN-134	36	A	0.1304	46	5.90E-11
VN-134	40	G	0.1220	41	7.22E-08
VN-134	42	G	0.1136	44	1.87E-08
VN-134	45	A	0.1020	49	2.42E-09
VN-134	46	A	0.0943	53	7.81E-09
VN-134	47	A	0.0741	54	9.36E-07
VN-134	49	A	0.1053	57	8.22E-12
VN-134	68	C	0.0625	128	2.72E-14
VN-134	94	C	0.0182	275	1.92E-08
VN-134	339	T	0.0142	705	5.26E-11
VN-134	549	A	0.0118	932	8.89E-09
VN-134	617	T	0.0124	883	1.02E-10
VN-134	623	A	0.0068	880	6.70E-07
VN-134	696	A	0.0084	711	8.88E-08
VN-134	728	A	0.0623	752	6.68E-70
VN-134	1000	G	0.0154	585	1.04E-11
VN-134	1216	G	0.0085	939	1.58E-08
VN-134	1412	A	0.0458	873	1.55E-57
VN-134	1594	G	0.0457	1001	1.61E-62
VN-134	1735	T	0.0157	573	1.48E-11
VN-134	4863	T	0.0064	936	8.03E-07
VN-134	5066	A	0.0245	813	5.90E-23
VN-134	11371	C	0.0140	429	2.54E-07
VN-134	13027	G	0.0078	1153	2.77E-07
VN-134	13411	T	0.0111	626	1.05E-06
VN-134	14206	T	0.0082	1962	5.78E-16
VN-134	14587	G	0.0182	1263	2.44E-23
